{"cameraMode":{"drawMode":0,"name":"Shaded","section":"Shading Mode"},"sceneLighting":true,"audioPlay":false,"sceneViewState":{"showFog":true,"showMaterialUpdate":false,"showSkybox":true,"showFlares":true,"showImageEffects":true,"showParticleSystems":true},"in2DMode":false,"pivot":{"x":2.538841724395752,"y":-7.424220085144043,"z":9.735093116760254},"rotation":{"x":-0.13805066049098969,"y":-0.1241355612874031,"z":0.017442960292100908,"w":-0.9824602603912354},"size":22.829620361328126,"orthographic":false}